section,indicator,type,host_or_ip,port,path,asterisk_login_page,source_url,reason_to_block
potential_product_server_subdomains,s12-tg.cobwebsapp.com,domain,s12-tg.cobwebsapp.com,,,no,https://citizenlab.ca/research/analysis-of-penlinks-ad-based-geolocation-surveillance-tech/,Infrastructure identified in Citizen Lab research as potential Cobwebs/PenLink-related server infrastructure.
potential_product_server_subdomains,tg-poc62.cobwebsapp.com,domain,tg-poc62.cobwebsapp.com,,,no,https://citizenlab.ca/research/analysis-of-penlinks-ad-based-geolocation-surveillance-tech/,Infrastructure identified in Citizen Lab research as potential Cobwebs/PenLink-related server infrastructure.
potential_product_server_subdomains,tg-101.cobwebsapp.com,domain,tg-101.cobwebsapp.com,,,no,https://citizenlab.ca/research/analysis-of-penlinks-ad-based-geolocation-surveillance-tech/,Infrastructure identified in Citizen Lab research as potential Cobwebs/PenLink-related server infrastructure.
potential_product_server_subdomains,tg-102.cobwebsapp.com,domain,tg-102.cobwebsapp.com,,,no,https://citizenlab.ca/research/analysis-of-penlinks-ad-based-geolocation-surveillance-tech/,Infrastructure identified in Citizen Lab research as potential Cobwebs/PenLink-related server infrastructure.
potential_product_server_subdomains,tg-103.cobwebsapp.com,domain,tg-103.cobwebsapp.com,,,no,https://citizenlab.ca/research/analysis-of-penlinks-ad-based-geolocation-surveillance-tech/,Infrastructure identified in Citizen Lab research as potential Cobwebs/PenLink-related server infrastructure.
potential_product_server_subdomains,tg-107.cobwebsapp.com,domain,tg-107.cobwebsapp.com,,,no,https://citizenlab.ca/research/analysis-of-penlinks-ad-based-geolocation-surveillance-tech/,Infrastructure identified in Citizen Lab research as potential Cobwebs/PenLink-related server infrastructure.
potential_product_server_subdomains,tg-118.cobwebsapp.com,domain,tg-118.cobwebsapp.com,,,no,https://citizenlab.ca/research/analysis-of-penlinks-ad-based-geolocation-surveillance-tech/,Infrastructure identified in Citizen Lab research as potential Cobwebs/PenLink-related server infrastructure.
potential_product_server_subdomains,tg-119.cobwebsapp.com,domain,tg-119.cobwebsapp.com,,,no,https://citizenlab.ca/research/analysis-of-penlinks-ad-based-geolocation-surveillance-tech/,Infrastructure identified in Citizen Lab research as potential Cobwebs/PenLink-related server infrastructure.
potential_product_server_subdomains,tg-151.cobwebsapp.com,domain,tg-151.cobwebsapp.com,,,no,https://citizenlab.ca/research/analysis-of-penlinks-ad-based-geolocation-surveillance-tech/,Infrastructure identified in Citizen Lab research as potential Cobwebs/PenLink-related server infrastructure.
potential_product_server_subdomains,tg-157.cobwebsapp.com,domain,tg-157.cobwebsapp.com,,,no,https://citizenlab.ca/research/analysis-of-penlinks-ad-based-geolocation-surveillance-tech/,Infrastructure identified in Citizen Lab research as potential Cobwebs/PenLink-related server infrastructure.
potential_product_server_subdomains,tg-173.cobwebsapp.com,domain,tg-173.cobwebsapp.com,,,no,https://citizenlab.ca/research/analysis-of-penlinks-ad-based-geolocation-surveillance-tech/,Infrastructure identified in Citizen Lab research as potential Cobwebs/PenLink-related server infrastructure.
potential_product_server_subdomains,tg-180.cobwebsapp.com,domain,tg-180.cobwebsapp.com,,,no,https://citizenlab.ca/research/analysis-of-penlinks-ad-based-geolocation-surveillance-tech/,Infrastructure identified in Citizen Lab research as potential Cobwebs/PenLink-related server infrastructure.
potential_product_server_subdomains,tg-s313.cobwebsapp.com,domain,tg-s313.cobwebsapp.com,,,no,https://citizenlab.ca/research/analysis-of-penlinks-ad-based-geolocation-surveillance-tech/,Infrastructure identified in Citizen Lab research as potential Cobwebs/PenLink-related server infrastructure.
potential_product_server_subdomains,tg-s329.cobwebsapp.com,domain,tg-s329.cobwebsapp.com,,,no,https://citizenlab.ca/research/analysis-of-penlinks-ad-based-geolocation-surveillance-tech/,Infrastructure identified in Citizen Lab research as potential Cobwebs/PenLink-related server infrastructure.
potential_product_server_subdomains,tg-s356.cobwebsapp.com,domain,tg-s356.cobwebsapp.com,,,no,https://citizenlab.ca/research/analysis-of-penlinks-ad-based-geolocation-surveillance-tech/,Infrastructure identified in Citizen Lab research as potential Cobwebs/PenLink-related server infrastructure.
potential_product_server_subdomains,wr-s361.cobwebsapp.com,domain,wr-s361.cobwebsapp.com,,,no,https://citizenlab.ca/research/analysis-of-penlinks-ad-based-geolocation-surveillance-tech/,Infrastructure identified in Citizen Lab research as potential Cobwebs/PenLink-related server infrastructure.
potential_product_server_subdomains,s446-tg.cobwebsapp.com,domain,s446-tg.cobwebsapp.com,,,no,https://citizenlab.ca/research/analysis-of-penlinks-ad-based-geolocation-surveillance-tech/,Infrastructure identified in Citizen Lab research as potential Cobwebs/PenLink-related server infrastructure.
potential_product_server_subdomains,s452-tg.cobwebsapp.com,domain,s452-tg.cobwebsapp.com,,,no,https://citizenlab.ca/research/analysis-of-penlinks-ad-based-geolocation-surveillance-tech/,Infrastructure identified in Citizen Lab research as potential Cobwebs/PenLink-related server infrastructure.
potential_product_server_subdomains,s457-tg.cobwebsapp.com,domain,s457-tg.cobwebsapp.com,,,no,https://citizenlab.ca/research/analysis-of-penlinks-ad-based-geolocation-surveillance-tech/,Infrastructure identified in Citizen Lab research as potential Cobwebs/PenLink-related server infrastructure.
potential_product_server_subdomains,s470-td.cobwebsapp.com,domain,s470-td.cobwebsapp.com,,,no,https://citizenlab.ca/research/analysis-of-penlinks-ad-based-geolocation-surveillance-tech/,Infrastructure identified in Citizen Lab research as potential Cobwebs/PenLink-related server infrastructure.
potential_product_server_subdomains,s472-tg.cobwebsapp.com,domain,s472-tg.cobwebsapp.com,,,no,https://citizenlab.ca/research/analysis-of-penlinks-ad-based-geolocation-surveillance-tech/,Infrastructure identified in Citizen Lab research as potential Cobwebs/PenLink-related server infrastructure.
potential_product_server_subdomains,s479-tg.cobwebsapp.com,domain,s479-tg.cobwebsapp.com,,,no,https://citizenlab.ca/research/analysis-of-penlinks-ad-based-geolocation-surveillance-tech/,Infrastructure identified in Citizen Lab research as potential Cobwebs/PenLink-related server infrastructure.
potential_product_server_subdomains,s484-tg.cobwebsapp.com,domain,s484-tg.cobwebsapp.com,,,no,https://citizenlab.ca/research/analysis-of-penlinks-ad-based-geolocation-surveillance-tech/,Infrastructure identified in Citizen Lab research as potential Cobwebs/PenLink-related server infrastructure.
potential_product_server_subdomains,s534-tg.cobwebsapp.com,domain,s534-tg.cobwebsapp.com,,,no,https://citizenlab.ca/research/analysis-of-penlinks-ad-based-geolocation-surveillance-tech/,Infrastructure identified in Citizen Lab research as potential Cobwebs/PenLink-related server infrastructure.
potential_product_server_subdomains,s558-tg.cobwebsapp.com,domain,s558-tg.cobwebsapp.com,,,no,https://citizenlab.ca/research/analysis-of-penlinks-ad-based-geolocation-surveillance-tech/,Infrastructure identified in Citizen Lab research as potential Cobwebs/PenLink-related server infrastructure.
potential_product_server_subdomains,s562-tg.cobwebsapp.com,domain,s562-tg.cobwebsapp.com,,,no,https://citizenlab.ca/research/analysis-of-penlinks-ad-based-geolocation-surveillance-tech/,Infrastructure identified in Citizen Lab research as potential Cobwebs/PenLink-related server infrastructure.
potential_product_server_subdomains,s578-tg.cobwebsapp.com,domain,s578-tg.cobwebsapp.com,,,no,https://citizenlab.ca/research/analysis-of-penlinks-ad-based-geolocation-surveillance-tech/,Infrastructure identified in Citizen Lab research as potential Cobwebs/PenLink-related server infrastructure.
potential_product_server_subdomains,s629-tg.cobwebsapp.com,domain,s629-tg.cobwebsapp.com,,,no,https://citizenlab.ca/research/analysis-of-penlinks-ad-based-geolocation-surveillance-tech/,Infrastructure identified in Citizen Lab research as potential Cobwebs/PenLink-related server infrastructure.
potential_product_server_subdomains,s635-tg.cobwebsapp.com,domain,s635-tg.cobwebsapp.com,,,no,https://citizenlab.ca/research/analysis-of-penlinks-ad-based-geolocation-surveillance-tech/,Infrastructure identified in Citizen Lab research as potential Cobwebs/PenLink-related server infrastructure.
potential_product_server_subdomains,s637-wl.cobwebsapp.com,domain,s637-wl.cobwebsapp.com,,,no,https://citizenlab.ca/research/analysis-of-penlinks-ad-based-geolocation-surveillance-tech/,Infrastructure identified in Citizen Lab research as potential Cobwebs/PenLink-related server infrastructure.
potential_product_server_subdomains,s639-tg.cobwebsapp.com,domain,s639-tg.cobwebsapp.com,,,no,https://citizenlab.ca/research/analysis-of-penlinks-ad-based-geolocation-surveillance-tech/,Infrastructure identified in Citizen Lab research as potential Cobwebs/PenLink-related server infrastructure.
potential_product_server_subdomains,s640-tg.cobwebsapp.com,domain,s640-tg.cobwebsapp.com,,,no,https://citizenlab.ca/research/analysis-of-penlinks-ad-based-geolocation-surveillance-tech/,Infrastructure identified in Citizen Lab research as potential Cobwebs/PenLink-related server infrastructure.
potential_product_server_subdomains,s641-tg.cobwebsapp.com,domain,s641-tg.cobwebsapp.com,,,no,https://citizenlab.ca/research/analysis-of-penlinks-ad-based-geolocation-surveillance-tech/,Infrastructure identified in Citizen Lab research as potential Cobwebs/PenLink-related server infrastructure.
potential_product_server_subdomains,s654-tg.cobwebsapp.com,domain,s654-tg.cobwebsapp.com,,,no,https://citizenlab.ca/research/analysis-of-penlinks-ad-based-geolocation-surveillance-tech/,Infrastructure identified in Citizen Lab research as potential Cobwebs/PenLink-related server infrastructure.
potential_product_server_subdomains,s655-tg.cobwebsapp.com,domain,s655-tg.cobwebsapp.com,,,no,https://citizenlab.ca/research/analysis-of-penlinks-ad-based-geolocation-surveillance-tech/,Infrastructure identified in Citizen Lab research as potential Cobwebs/PenLink-related server infrastructure.
potential_product_server_subdomains,s657-tg.cobwebsapp.com,domain,s657-tg.cobwebsapp.com,,,no,https://citizenlab.ca/research/analysis-of-penlinks-ad-based-geolocation-surveillance-tech/,Infrastructure identified in Citizen Lab research as potential Cobwebs/PenLink-related server infrastructure.
potential_product_server_subdomains,s658-tg.cobwebsapp.com,domain,s658-tg.cobwebsapp.com,,,no,https://citizenlab.ca/research/analysis-of-penlinks-ad-based-geolocation-surveillance-tech/,Infrastructure identified in Citizen Lab research as potential Cobwebs/PenLink-related server infrastructure.
potential_product_server_subdomains,s659-tg.cobwebsapp.com,domain,s659-tg.cobwebsapp.com,,,no,https://citizenlab.ca/research/analysis-of-penlinks-ad-based-geolocation-surveillance-tech/,Infrastructure identified in Citizen Lab research as potential Cobwebs/PenLink-related server infrastructure.
potential_product_server_subdomains,s669-tg.cobwebsapp.com,domain,s669-tg.cobwebsapp.com,,,no,https://citizenlab.ca/research/analysis-of-penlinks-ad-based-geolocation-surveillance-tech/,Infrastructure identified in Citizen Lab research as potential Cobwebs/PenLink-related server infrastructure.
potential_product_server_subdomains,s670-tg.cobwebsapp.com,domain,s670-tg.cobwebsapp.com,,,no,https://citizenlab.ca/research/analysis-of-penlinks-ad-based-geolocation-surveillance-tech/,Infrastructure identified in Citizen Lab research as potential Cobwebs/PenLink-related server infrastructure.
potential_product_server_subdomains,s671-tg.cobwebsapp.com,domain,s671-tg.cobwebsapp.com,,,no,https://citizenlab.ca/research/analysis-of-penlinks-ad-based-geolocation-surveillance-tech/,Infrastructure identified in Citizen Lab research as potential Cobwebs/PenLink-related server infrastructure.
potential_product_server_subdomains,s673-tg.cobwebsapp.com,domain,s673-tg.cobwebsapp.com,,,no,https://citizenlab.ca/research/analysis-of-penlinks-ad-based-geolocation-surveillance-tech/,Infrastructure identified in Citizen Lab research as potential Cobwebs/PenLink-related server infrastructure.
potential_product_server_subdomains,s683-tg.cobwebsapp.com,domain,s683-tg.cobwebsapp.com,,,no,https://citizenlab.ca/research/analysis-of-penlinks-ad-based-geolocation-surveillance-tech/,Infrastructure identified in Citizen Lab research as potential Cobwebs/PenLink-related server infrastructure.
potential_product_server_subdomains,s689-tg.cobwebsapp.com,domain,s689-tg.cobwebsapp.com,,,no,https://citizenlab.ca/research/analysis-of-penlinks-ad-based-geolocation-surveillance-tech/,Infrastructure identified in Citizen Lab research as potential Cobwebs/PenLink-related server infrastructure.
potential_product_server_subdomains,s698-tg.cobwebsapp.com,domain,s698-tg.cobwebsapp.com,,,no,https://citizenlab.ca/research/analysis-of-penlinks-ad-based-geolocation-surveillance-tech/,Infrastructure identified in Citizen Lab research as potential Cobwebs/PenLink-related server infrastructure.
potential_product_server_subdomains,s703-tg.cobwebsapp.com,domain,s703-tg.cobwebsapp.com,,,no,https://citizenlab.ca/research/analysis-of-penlinks-ad-based-geolocation-surveillance-tech/,Infrastructure identified in Citizen Lab research as potential Cobwebs/PenLink-related server infrastructure.
potential_product_server_subdomains,s704-wl.cobwebsapp.com,domain,s704-wl.cobwebsapp.com,,,no,https://citizenlab.ca/research/analysis-of-penlinks-ad-based-geolocation-surveillance-tech/,Infrastructure identified in Citizen Lab research as potential Cobwebs/PenLink-related server infrastructure.
potential_product_server_subdomains,s706-tg.cobwebsapp.com,domain,s706-tg.cobwebsapp.com,,,no,https://citizenlab.ca/research/analysis-of-penlinks-ad-based-geolocation-surveillance-tech/,Infrastructure identified in Citizen Lab research as potential Cobwebs/PenLink-related server infrastructure.
potential_product_server_subdomains,tg-sys1228.cobwebsapp.com,domain,tg-sys1228.cobwebsapp.com,,,no,https://citizenlab.ca/research/analysis-of-penlinks-ad-based-geolocation-surveillance-tech/,Infrastructure identified in Citizen Lab research as potential Cobwebs/PenLink-related server infrastructure.
potential_product_server_subdomains,tg-zu1.cobwebsapp.com,domain,tg-zu1.cobwebsapp.com,,,no,https://citizenlab.ca/research/analysis-of-penlinks-ad-based-geolocation-surveillance-tech/,Infrastructure identified in Citizen Lab research as potential Cobwebs/PenLink-related server infrastructure.
potential_product_server_subdomains,tg-sh.cobwebsapp.com,domain,tg-sh.cobwebsapp.com,,,no,https://citizenlab.ca/research/analysis-of-penlinks-ad-based-geolocation-surveillance-tech/,Infrastructure identified in Citizen Lab research as potential Cobwebs/PenLink-related server infrastructure.
potential_product_server_subdomains,tg-cmp.cobwebsapp.com,domain,tg-cmp.cobwebsapp.com,,,no,https://citizenlab.ca/research/analysis-of-penlinks-ad-based-geolocation-surveillance-tech/,Infrastructure identified in Citizen Lab research as potential Cobwebs/PenLink-related server infrastructure.
potential_product_server_subdomains,wr-fiam.cobwebsapp.com,domain,wr-fiam.cobwebsapp.com,,,no,https://citizenlab.ca/research/analysis-of-penlinks-ad-based-geolocation-surveillance-tech/,Infrastructure identified in Citizen Lab research as potential Cobwebs/PenLink-related server infrastructure.
potential_product_server_subdomains,tg-kbq.cobwebsapp.com,domain,tg-kbq.cobwebsapp.com,,,no,https://citizenlab.ca/research/analysis-of-penlinks-ad-based-geolocation-surveillance-tech/,Infrastructure identified in Citizen Lab research as potential Cobwebs/PenLink-related server infrastructure.
potential_product_server_subdomains,tg-rtn.cobwebsapp.com,domain,tg-rtn.cobwebsapp.com,,,no,https://citizenlab.ca/research/analysis-of-penlinks-ad-based-geolocation-surveillance-tech/,Infrastructure identified in Citizen Lab research as potential Cobwebs/PenLink-related server infrastructure.
potential_product_server_subdomains,td-rtn.cobwebsapp.com,domain,td-rtn.cobwebsapp.com,,,no,https://citizenlab.ca/research/analysis-of-penlinks-ad-based-geolocation-surveillance-tech/,Infrastructure identified in Citizen Lab research as potential Cobwebs/PenLink-related server infrastructure.
potential_product_server_subdomains,tg-tony01.cobwebsapp.com,domain,tg-tony01.cobwebsapp.com,,,no,https://citizenlab.ca/research/analysis-of-penlinks-ad-based-geolocation-surveillance-tech/,Infrastructure identified in Citizen Lab research as potential Cobwebs/PenLink-related server infrastructure.
potential_product_server_subdomains,tg-sgm.cobwebsapp.com,domain,tg-sgm.cobwebsapp.com,,,no,https://citizenlab.ca/research/analysis-of-penlinks-ad-based-geolocation-surveillance-tech/,Infrastructure identified in Citizen Lab research as potential Cobwebs/PenLink-related server infrastructure.
potential_product_server_subdomains,wl-angel6.cobwebsapp.com,domain,wl-angel6.cobwebsapp.com,,,no,https://citizenlab.ca/research/analysis-of-penlinks-ad-based-geolocation-surveillance-tech/,Infrastructure identified in Citizen Lab research as potential Cobwebs/PenLink-related server infrastructure.
potential_product_server_subdomains,tg-ang.cobwebsapp.com,domain,tg-ang.cobwebsapp.com,,,no,https://citizenlab.ca/research/analysis-of-penlinks-ad-based-geolocation-surveillance-tech/,Infrastructure identified in Citizen Lab research as potential Cobwebs/PenLink-related server infrastructure.
potential_product_server_subdomains,td-al.cobwebsapp.com,domain,td-al.cobwebsapp.com,,,no,https://citizenlab.ca/research/analysis-of-penlinks-ad-based-geolocation-surveillance-tech/,Infrastructure identified in Citizen Lab research as potential Cobwebs/PenLink-related server infrastructure.
potential_product_server_subdomains,tg-xl-6.cobwebsapp.com,domain,tg-xl-6.cobwebsapp.com,,,no,https://citizenlab.ca/research/analysis-of-penlinks-ad-based-geolocation-surveillance-tech/,Infrastructure identified in Citizen Lab research as potential Cobwebs/PenLink-related server infrastructure.
potential_product_server_subdomains,tg-ospa.cobwebsapp.com,domain,tg-ospa.cobwebsapp.com,,,no,https://citizenlab.ca/research/analysis-of-penlinks-ad-based-geolocation-surveillance-tech/,Infrastructure identified in Citizen Lab research as potential Cobwebs/PenLink-related server infrastructure.
potential_product_server_subdomains,tg-bcpd.cobwebsapp.com,domain,tg-bcpd.cobwebsapp.com,,,no,https://citizenlab.ca/research/analysis-of-penlinks-ad-based-geolocation-surveillance-tech/,Infrastructure identified in Citizen Lab research as potential Cobwebs/PenLink-related server infrastructure.
potential_product_server_subdomains,tg-nine.cobwebsapp.com,domain,tg-nine.cobwebsapp.com,,,no,https://citizenlab.ca/research/analysis-of-penlinks-ad-based-geolocation-surveillance-tech/,Infrastructure identified in Citizen Lab research as potential Cobwebs/PenLink-related server infrastructure.
potential_product_server_subdomains,tg-bcpo.cobwebsapp.com,domain,tg-bcpo.cobwebsapp.com,,,no,https://citizenlab.ca/research/analysis-of-penlinks-ad-based-geolocation-surveillance-tech/,Infrastructure identified in Citizen Lab research as potential Cobwebs/PenLink-related server infrastructure.
potential_product_server_subdomains,p01-tg.cwsystem.com,domain,p01-tg.cwsystem.com,,,yes,https://citizenlab.ca/research/analysis-of-penlinks-ad-based-geolocation-surveillance-tech/,Infrastructure identified in Citizen Lab research as potential Cobwebs/PenLink-related server infrastructure.
potential_product_server_subdomains,p02-tg.cwsystem.com,domain,p02-tg.cwsystem.com,,,yes,https://citizenlab.ca/research/analysis-of-penlinks-ad-based-geolocation-surveillance-tech/,Infrastructure identified in Citizen Lab research as potential Cobwebs/PenLink-related server infrastructure.
potential_product_server_subdomains,p03-tg.cwsystem.com,domain,p03-tg.cwsystem.com,,,yes,https://citizenlab.ca/research/analysis-of-penlinks-ad-based-geolocation-surveillance-tech/,Infrastructure identified in Citizen Lab research as potential Cobwebs/PenLink-related server infrastructure.
potential_product_server_subdomains,p03-um.cwsystem.com,domain,p03-um.cwsystem.com,,,no,https://citizenlab.ca/research/analysis-of-penlinks-ad-based-geolocation-surveillance-tech/,Infrastructure identified in Citizen Lab research as potential Cobwebs/PenLink-related server infrastructure.
potential_product_server_subdomains,p06-tg.cwsystem.com,domain,p06-tg.cwsystem.com,,,no,https://citizenlab.ca/research/analysis-of-penlinks-ad-based-geolocation-surveillance-tech/,Infrastructure identified in Citizen Lab research as potential Cobwebs/PenLink-related server infrastructure.
potential_product_server_subdomains,p07.cwsystem.com,domain,p07.cwsystem.com,,,yes,https://citizenlab.ca/research/analysis-of-penlinks-ad-based-geolocation-surveillance-tech/,Infrastructure identified in Citizen Lab research as potential Cobwebs/PenLink-related server infrastructure.
potential_product_server_subdomains,p09-tg.cwsystem.com,domain,p09-tg.cwsystem.com,,,no,https://citizenlab.ca/research/analysis-of-penlinks-ad-based-geolocation-surveillance-tech/,Infrastructure identified in Citizen Lab research as potential Cobwebs/PenLink-related server infrastructure.
potential_product_server_subdomains,p11-tg.cwsystem.com,domain,p11-tg.cwsystem.com,,,no,https://citizenlab.ca/research/analysis-of-penlinks-ad-based-geolocation-surveillance-tech/,Infrastructure identified in Citizen Lab research as potential Cobwebs/PenLink-related server infrastructure.
potential_product_server_subdomains,p12-tg.cwsystem.com,domain,p12-tg.cwsystem.com,,,no,https://citizenlab.ca/research/analysis-of-penlinks-ad-based-geolocation-surveillance-tech/,Infrastructure identified in Citizen Lab research as potential Cobwebs/PenLink-related server infrastructure.
potential_product_server_subdomains,p30-tg.cwsystem.com,domain,p30-tg.cwsystem.com,,,no,https://citizenlab.ca/research/analysis-of-penlinks-ad-based-geolocation-surveillance-tech/,Infrastructure identified in Citizen Lab research as potential Cobwebs/PenLink-related server infrastructure.
potential_product_server_subdomains,p31-tg.cwsystem.com,domain,p31-tg.cwsystem.com,,,yes,https://citizenlab.ca/research/analysis-of-penlinks-ad-based-geolocation-surveillance-tech/,Infrastructure identified in Citizen Lab research as potential Cobwebs/PenLink-related server infrastructure.
potential_product_server_subdomains,p51-tg.cwsystem.com,domain,p51-tg.cwsystem.com,,,yes,https://citizenlab.ca/research/analysis-of-penlinks-ad-based-geolocation-surveillance-tech/,Infrastructure identified in Citizen Lab research as potential Cobwebs/PenLink-related server infrastructure.
potential_product_server_subdomains,p52-tg.cwsystem.com,domain,p52-tg.cwsystem.com,,,no,https://citizenlab.ca/research/analysis-of-penlinks-ad-based-geolocation-surveillance-tech/,Infrastructure identified in Citizen Lab research as potential Cobwebs/PenLink-related server infrastructure.
potential_product_server_subdomains,p53-tg.cwsystem.com,domain,p53-tg.cwsystem.com,,,no,https://citizenlab.ca/research/analysis-of-penlinks-ad-based-geolocation-surveillance-tech/,Infrastructure identified in Citizen Lab research as potential Cobwebs/PenLink-related server infrastructure.
potential_product_server_subdomains,p56-tg.cwsystem.com,domain,p56-tg.cwsystem.com,,,no,https://citizenlab.ca/research/analysis-of-penlinks-ad-based-geolocation-surveillance-tech/,Infrastructure identified in Citizen Lab research as potential Cobwebs/PenLink-related server infrastructure.
potential_product_server_subdomains,p57-tg.cwsystem.com,domain,p57-tg.cwsystem.com,,,yes,https://citizenlab.ca/research/analysis-of-penlinks-ad-based-geolocation-surveillance-tech/,Infrastructure identified in Citizen Lab research as potential Cobwebs/PenLink-related server infrastructure.
potential_product_server_subdomains,p58-tg.cwsystem.com,domain,p58-tg.cwsystem.com,,,yes,https://citizenlab.ca/research/analysis-of-penlinks-ad-based-geolocation-surveillance-tech/,Infrastructure identified in Citizen Lab research as potential Cobwebs/PenLink-related server infrastructure.
potential_product_server_subdomains,p062-tg.cwsystem.com,domain,p062-tg.cwsystem.com,,,no,https://citizenlab.ca/research/analysis-of-penlinks-ad-based-geolocation-surveillance-tech/,Infrastructure identified in Citizen Lab research as potential Cobwebs/PenLink-related server infrastructure.
potential_product_server_subdomains,p70-tg.cwsystem.com,domain,p70-tg.cwsystem.com,,,no,https://citizenlab.ca/research/analysis-of-penlinks-ad-based-geolocation-surveillance-tech/,Infrastructure identified in Citizen Lab research as potential Cobwebs/PenLink-related server infrastructure.
potential_product_server_subdomains,p73-tg.cwsystem.com,domain,p73-tg.cwsystem.com,,,yes,https://citizenlab.ca/research/analysis-of-penlinks-ad-based-geolocation-surveillance-tech/,Infrastructure identified in Citizen Lab research as potential Cobwebs/PenLink-related server infrastructure.
potential_product_server_subdomains,p81-tg.cwsystem.com,domain,p81-tg.cwsystem.com,,,yes,https://citizenlab.ca/research/analysis-of-penlinks-ad-based-geolocation-surveillance-tech/,Infrastructure identified in Citizen Lab research as potential Cobwebs/PenLink-related server infrastructure.
potential_product_server_subdomains,p82-tg.cwsystem.com,domain,p82-tg.cwsystem.com,,,no,https://citizenlab.ca/research/analysis-of-penlinks-ad-based-geolocation-surveillance-tech/,Infrastructure identified in Citizen Lab research as potential Cobwebs/PenLink-related server infrastructure.
potential_product_server_subdomains,p83-tg.cwsystem.com,domain,p83-tg.cwsystem.com,,,yes,https://citizenlab.ca/research/analysis-of-penlinks-ad-based-geolocation-surveillance-tech/,Infrastructure identified in Citizen Lab research as potential Cobwebs/PenLink-related server infrastructure.
potential_product_server_subdomains,p86-tg.cwsystem.com,domain,p86-tg.cwsystem.com,,,no,https://citizenlab.ca/research/analysis-of-penlinks-ad-based-geolocation-surveillance-tech/,Infrastructure identified in Citizen Lab research as potential Cobwebs/PenLink-related server infrastructure.
potential_product_server_subdomains,p87-tg.cwsystem.com,domain,p87-tg.cwsystem.com,,,yes,https://citizenlab.ca/research/analysis-of-penlinks-ad-based-geolocation-surveillance-tech/,Infrastructure identified in Citizen Lab research as potential Cobwebs/PenLink-related server infrastructure.
potential_product_server_subdomains,p92-tg.cwsystem.com,domain,p92-tg.cwsystem.com,,,no,https://citizenlab.ca/research/analysis-of-penlinks-ad-based-geolocation-surveillance-tech/,Infrastructure identified in Citizen Lab research as potential Cobwebs/PenLink-related server infrastructure.
potential_product_server_subdomains,p93-tg.cwsystem.com,domain,p93-tg.cwsystem.com,,,yes,https://citizenlab.ca/research/analysis-of-penlinks-ad-based-geolocation-surveillance-tech/,Infrastructure identified in Citizen Lab research as potential Cobwebs/PenLink-related server infrastructure.
potential_product_server_subdomains,p100-tg.cwsystem.com,domain,p100-tg.cwsystem.com,,,yes,https://citizenlab.ca/research/analysis-of-penlinks-ad-based-geolocation-surveillance-tech/,Infrastructure identified in Citizen Lab research as potential Cobwebs/PenLink-related server infrastructure.
potential_product_server_subdomains,p101.cwsystem.com,domain,p101.cwsystem.com,,,yes,https://citizenlab.ca/research/analysis-of-penlinks-ad-based-geolocation-surveillance-tech/,Infrastructure identified in Citizen Lab research as potential Cobwebs/PenLink-related server infrastructure.
potential_product_server_subdomains,p102-tg.cwsystem.com,domain,p102-tg.cwsystem.com,,,no,https://citizenlab.ca/research/analysis-of-penlinks-ad-based-geolocation-surveillance-tech/,Infrastructure identified in Citizen Lab research as potential Cobwebs/PenLink-related server infrastructure.
potential_product_server_subdomains,p107-tg.cwsystem.com,domain,p107-tg.cwsystem.com,,,no,https://citizenlab.ca/research/analysis-of-penlinks-ad-based-geolocation-surveillance-tech/,Infrastructure identified in Citizen Lab research as potential Cobwebs/PenLink-related server infrastructure.
potential_product_server_subdomains,p110-tg.cwsystem.com,domain,p110-tg.cwsystem.com,,,yes,https://citizenlab.ca/research/analysis-of-penlinks-ad-based-geolocation-surveillance-tech/,Infrastructure identified in Citizen Lab research as potential Cobwebs/PenLink-related server infrastructure.
potential_product_server_subdomains,p111.cwsystem.com,domain,p111.cwsystem.com,,,yes,https://citizenlab.ca/research/analysis-of-penlinks-ad-based-geolocation-surveillance-tech/,Infrastructure identified in Citizen Lab research as potential Cobwebs/PenLink-related server infrastructure.
potential_product_server_subdomains,p122-tg.cwsystem.com,domain,p122-tg.cwsystem.com,,,yes,https://citizenlab.ca/research/analysis-of-penlinks-ad-based-geolocation-surveillance-tech/,Infrastructure identified in Citizen Lab research as potential Cobwebs/PenLink-related server infrastructure.
potential_product_server_subdomains,p141.cwsystem.com,domain,p141.cwsystem.com,,,no,https://citizenlab.ca/research/analysis-of-penlinks-ad-based-geolocation-surveillance-tech/,Infrastructure identified in Citizen Lab research as potential Cobwebs/PenLink-related server infrastructure.
potential_product_server_subdomains,p148.cwsystem.com,domain,p148.cwsystem.com,,,no,https://citizenlab.ca/research/analysis-of-penlinks-ad-based-geolocation-surveillance-tech/,Infrastructure identified in Citizen Lab research as potential Cobwebs/PenLink-related server infrastructure.
potential_product_server_subdomains,p154.cwsystem.com,domain,p154.cwsystem.com,,,yes,https://citizenlab.ca/research/analysis-of-penlinks-ad-based-geolocation-surveillance-tech/,Infrastructure identified in Citizen Lab research as potential Cobwebs/PenLink-related server infrastructure.
potential_product_server_subdomains,p156.cwsystem.com,domain,p156.cwsystem.com,,,yes,https://citizenlab.ca/research/analysis-of-penlinks-ad-based-geolocation-surveillance-tech/,Infrastructure identified in Citizen Lab research as potential Cobwebs/PenLink-related server infrastructure.
potential_product_server_subdomains,p159.cwsystem.com,domain,p159.cwsystem.com,,,no,https://citizenlab.ca/research/analysis-of-penlinks-ad-based-geolocation-surveillance-tech/,Infrastructure identified in Citizen Lab research as potential Cobwebs/PenLink-related server infrastructure.
potential_product_server_subdomains,p160.cwsystem.com,domain,p160.cwsystem.com,,,yes,https://citizenlab.ca/research/analysis-of-penlinks-ad-based-geolocation-surveillance-tech/,Infrastructure identified in Citizen Lab research as potential Cobwebs/PenLink-related server infrastructure.
potential_product_server_subdomains,p161.cwsystem.com,domain,p161.cwsystem.com,,,no,https://citizenlab.ca/research/analysis-of-penlinks-ad-based-geolocation-surveillance-tech/,Infrastructure identified in Citizen Lab research as potential Cobwebs/PenLink-related server infrastructure.
potential_product_server_subdomains,p167.cwsystem.com,domain,p167.cwsystem.com,,,yes,https://citizenlab.ca/research/analysis-of-penlinks-ad-based-geolocation-surveillance-tech/,Infrastructure identified in Citizen Lab research as potential Cobwebs/PenLink-related server infrastructure.
potential_product_server_subdomains,p172.cwsystem.com,domain,p172.cwsystem.com,,,no,https://citizenlab.ca/research/analysis-of-penlinks-ad-based-geolocation-surveillance-tech/,Infrastructure identified in Citizen Lab research as potential Cobwebs/PenLink-related server infrastructure.
potential_product_server_subdomains,p177.cwsystem.com,domain,p177.cwsystem.com,,,no,https://citizenlab.ca/research/analysis-of-penlinks-ad-based-geolocation-surveillance-tech/,Infrastructure identified in Citizen Lab research as potential Cobwebs/PenLink-related server infrastructure.
potential_product_server_subdomains,p178.cwsystem.com,domain,p178.cwsystem.com,,,yes,https://citizenlab.ca/research/analysis-of-penlinks-ad-based-geolocation-surveillance-tech/,Infrastructure identified in Citizen Lab research as potential Cobwebs/PenLink-related server infrastructure.
potential_product_server_subdomains,p184.cwsystem.com,domain,p184.cwsystem.com,,,yes,https://citizenlab.ca/research/analysis-of-penlinks-ad-based-geolocation-surveillance-tech/,Infrastructure identified in Citizen Lab research as potential Cobwebs/PenLink-related server infrastructure.
potential_product_server_subdomains,p188.cwsystem.com,domain,p188.cwsystem.com,,,yes,https://citizenlab.ca/research/analysis-of-penlinks-ad-based-geolocation-surveillance-tech/,Infrastructure identified in Citizen Lab research as potential Cobwebs/PenLink-related server infrastructure.
potential_product_server_subdomains,p189.cwsystem.com,domain,p189.cwsystem.com,,,no,https://citizenlab.ca/research/analysis-of-penlinks-ad-based-geolocation-surveillance-tech/,Infrastructure identified in Citizen Lab research as potential Cobwebs/PenLink-related server infrastructure.
potential_product_server_subdomains,p200-tg.cwsystem.com,domain,p200-tg.cwsystem.com,,,no,https://citizenlab.ca/research/analysis-of-penlinks-ad-based-geolocation-surveillance-tech/,Infrastructure identified in Citizen Lab research as potential Cobwebs/PenLink-related server infrastructure.
potential_product_server_subdomains,s883-td.cwsystem.com,domain,s883-td.cwsystem.com,,,no,https://citizenlab.ca/research/analysis-of-penlinks-ad-based-geolocation-surveillance-tech/,Infrastructure identified in Citizen Lab research as potential Cobwebs/PenLink-related server infrastructure.
potential_product_server_subdomains,s41-tg.cwtapp.com,domain,s41-tg.cwtapp.com,,,yes,https://citizenlab.ca/research/analysis-of-penlinks-ad-based-geolocation-surveillance-tech/,Infrastructure identified in Citizen Lab research as potential Cobwebs/PenLink-related server infrastructure.
potential_product_server_subdomains,s115-tg.cwtapp.com,domain,s115-tg.cwtapp.com,,,yes,https://citizenlab.ca/research/analysis-of-penlinks-ad-based-geolocation-surveillance-tech/,Infrastructure identified in Citizen Lab research as potential Cobwebs/PenLink-related server infrastructure.
potential_product_server_subdomains,s255-tg.cwtapp.com,domain,s255-tg.cwtapp.com,,,yes,https://citizenlab.ca/research/analysis-of-penlinks-ad-based-geolocation-surveillance-tech/,Infrastructure identified in Citizen Lab research as potential Cobwebs/PenLink-related server infrastructure.
potential_product_server_subdomains,s285-tg.cwtapp.com,domain,s285-tg.cwtapp.com,,,yes,https://citizenlab.ca/research/analysis-of-penlinks-ad-based-geolocation-surveillance-tech/,Infrastructure identified in Citizen Lab research as potential Cobwebs/PenLink-related server infrastructure.
potential_product_server_subdomains,s521-tg.cwtapp.com,domain,s521-tg.cwtapp.com,,,yes,https://citizenlab.ca/research/analysis-of-penlinks-ad-based-geolocation-surveillance-tech/,Infrastructure identified in Citizen Lab research as potential Cobwebs/PenLink-related server infrastructure.
potential_product_server_subdomains,s702-tg.cwtapp.com,domain,s702-tg.cwtapp.com,,,no,https://citizenlab.ca/research/analysis-of-penlinks-ad-based-geolocation-surveillance-tech/,Infrastructure identified in Citizen Lab research as potential Cobwebs/PenLink-related server infrastructure.
potential_product_server_subdomains,s712-tg.cwtapp.com,domain,s712-tg.cwtapp.com,,,no,https://citizenlab.ca/research/analysis-of-penlinks-ad-based-geolocation-surveillance-tech/,Infrastructure identified in Citizen Lab research as potential Cobwebs/PenLink-related server infrastructure.
potential_product_server_subdomains,s713-tg.cwtapp.com,domain,s713-tg.cwtapp.com,,,yes,https://citizenlab.ca/research/analysis-of-penlinks-ad-based-geolocation-surveillance-tech/,Infrastructure identified in Citizen Lab research as potential Cobwebs/PenLink-related server infrastructure.
potential_product_server_subdomains,s733-tg.cwtapp.com,domain,s733-tg.cwtapp.com,,,yes,https://citizenlab.ca/research/analysis-of-penlinks-ad-based-geolocation-surveillance-tech/,Infrastructure identified in Citizen Lab research as potential Cobwebs/PenLink-related server infrastructure.
potential_product_server_subdomains,s734-tg.cwtapp.com,domain,s734-tg.cwtapp.com,,,no,https://citizenlab.ca/research/analysis-of-penlinks-ad-based-geolocation-surveillance-tech/,Infrastructure identified in Citizen Lab research as potential Cobwebs/PenLink-related server infrastructure.
potential_product_server_subdomains,s740-tg.cwtapp.com,domain,s740-tg.cwtapp.com,,,yes,https://citizenlab.ca/research/analysis-of-penlinks-ad-based-geolocation-surveillance-tech/,Infrastructure identified in Citizen Lab research as potential Cobwebs/PenLink-related server infrastructure.
potential_product_server_subdomains,s741-tg.cwtapp.com,domain,s741-tg.cwtapp.com,,,yes,https://citizenlab.ca/research/analysis-of-penlinks-ad-based-geolocation-surveillance-tech/,Infrastructure identified in Citizen Lab research as potential Cobwebs/PenLink-related server infrastructure.
potential_product_server_subdomains,s742-tg.cwtapp.com,domain,s742-tg.cwtapp.com,,,no,https://citizenlab.ca/research/analysis-of-penlinks-ad-based-geolocation-surveillance-tech/,Infrastructure identified in Citizen Lab research as potential Cobwebs/PenLink-related server infrastructure.
potential_product_server_subdomains,s753-tg.cwtapp.com,domain,s753-tg.cwtapp.com,,,yes,https://citizenlab.ca/research/analysis-of-penlinks-ad-based-geolocation-surveillance-tech/,Infrastructure identified in Citizen Lab research as potential Cobwebs/PenLink-related server infrastructure.
potential_product_server_subdomains,s765-tg.cwtapp.com,domain,s765-tg.cwtapp.com,,,yes,https://citizenlab.ca/research/analysis-of-penlinks-ad-based-geolocation-surveillance-tech/,Infrastructure identified in Citizen Lab research as potential Cobwebs/PenLink-related server infrastructure.
potential_product_server_subdomains,s790-tg.cwtapp.com,domain,s790-tg.cwtapp.com,,,no,https://citizenlab.ca/research/analysis-of-penlinks-ad-based-geolocation-surveillance-tech/,Infrastructure identified in Citizen Lab research as potential Cobwebs/PenLink-related server infrastructure.
potential_product_server_subdomains,s808-tg.cwtapp.com,domain,s808-tg.cwtapp.com,,,yes,https://citizenlab.ca/research/analysis-of-penlinks-ad-based-geolocation-surveillance-tech/,Infrastructure identified in Citizen Lab research as potential Cobwebs/PenLink-related server infrastructure.
potential_product_server_subdomains,s843-tg.cwtapp.com,domain,s843-tg.cwtapp.com,,,no,https://citizenlab.ca/research/analysis-of-penlinks-ad-based-geolocation-surveillance-tech/,Infrastructure identified in Citizen Lab research as potential Cobwebs/PenLink-related server infrastructure.
potential_product_server_subdomains,s851-tg.cwtapp.com,domain,s851-tg.cwtapp.com,,,no,https://citizenlab.ca/research/analysis-of-penlinks-ad-based-geolocation-surveillance-tech/,Infrastructure identified in Citizen Lab research as potential Cobwebs/PenLink-related server infrastructure.
potential_product_server_subdomains,s863-tg.cwtapp.com,domain,s863-tg.cwtapp.com,,,no,https://citizenlab.ca/research/analysis-of-penlinks-ad-based-geolocation-surveillance-tech/,Infrastructure identified in Citizen Lab research as potential Cobwebs/PenLink-related server infrastructure.
potential_product_server_subdomains,s865-tg.cwtapp.com,domain,s865-tg.cwtapp.com,,,yes,https://citizenlab.ca/research/analysis-of-penlinks-ad-based-geolocation-surveillance-tech/,Infrastructure identified in Citizen Lab research as potential Cobwebs/PenLink-related server infrastructure.
potential_product_server_subdomains,s866-tg.cwtapp.com,domain,s866-tg.cwtapp.com,,,yes,https://citizenlab.ca/research/analysis-of-penlinks-ad-based-geolocation-surveillance-tech/,Infrastructure identified in Citizen Lab research as potential Cobwebs/PenLink-related server infrastructure.
potential_product_server_subdomains,s874-tg.cwtapp.com,domain,s874-tg.cwtapp.com,,,yes,https://citizenlab.ca/research/analysis-of-penlinks-ad-based-geolocation-surveillance-tech/,Infrastructure identified in Citizen Lab research as potential Cobwebs/PenLink-related server infrastructure.
potential_product_server_subdomains,s877-tg.cwtapp.com,domain,s877-tg.cwtapp.com,,,yes,https://citizenlab.ca/research/analysis-of-penlinks-ad-based-geolocation-surveillance-tech/,Infrastructure identified in Citizen Lab research as potential Cobwebs/PenLink-related server infrastructure.
potential_product_server_subdomains,s880-tg.cwtapp.com,domain,s880-tg.cwtapp.com,,,yes,https://citizenlab.ca/research/analysis-of-penlinks-ad-based-geolocation-surveillance-tech/,Infrastructure identified in Citizen Lab research as potential Cobwebs/PenLink-related server infrastructure.
potential_product_server_subdomains,s882-tg.cwtapp.com,domain,s882-tg.cwtapp.com,,,yes,https://citizenlab.ca/research/analysis-of-penlinks-ad-based-geolocation-surveillance-tech/,Infrastructure identified in Citizen Lab research as potential Cobwebs/PenLink-related server infrastructure.
potential_product_server_subdomains,s884-tg.cwtapp.com,domain,s884-tg.cwtapp.com,,,yes,https://citizenlab.ca/research/analysis-of-penlinks-ad-based-geolocation-surveillance-tech/,Infrastructure identified in Citizen Lab research as potential Cobwebs/PenLink-related server infrastructure.
potential_product_server_subdomains,s892-tg.cwtapp.com,domain,s892-tg.cwtapp.com,,,no,https://citizenlab.ca/research/analysis-of-penlinks-ad-based-geolocation-surveillance-tech/,Infrastructure identified in Citizen Lab research as potential Cobwebs/PenLink-related server infrastructure.
potential_product_server_subdomains,s896-tg.cwtapp.com,domain,s896-tg.cwtapp.com,,,no,https://citizenlab.ca/research/analysis-of-penlinks-ad-based-geolocation-surveillance-tech/,Infrastructure identified in Citizen Lab research as potential Cobwebs/PenLink-related server infrastructure.
potential_product_server_subdomains,s940-tg.cwtapp.com,domain,s940-tg.cwtapp.com,,,yes,https://citizenlab.ca/research/analysis-of-penlinks-ad-based-geolocation-surveillance-tech/,Infrastructure identified in Citizen Lab research as potential Cobwebs/PenLink-related server infrastructure.
potential_product_server_subdomains,s950-tg.cwtapp.com,domain,s950-tg.cwtapp.com,,,yes,https://citizenlab.ca/research/analysis-of-penlinks-ad-based-geolocation-surveillance-tech/,Infrastructure identified in Citizen Lab research as potential Cobwebs/PenLink-related server infrastructure.
potential_product_server_subdomains,s973-tg.cwtapp.com,domain,s973-tg.cwtapp.com,,,yes,https://citizenlab.ca/research/analysis-of-penlinks-ad-based-geolocation-surveillance-tech/,Infrastructure identified in Citizen Lab research as potential Cobwebs/PenLink-related server infrastructure.
potential_product_server_subdomains,s974-tg.cwtapp.com,domain,s974-tg.cwtapp.com,,,yes,https://citizenlab.ca/research/analysis-of-penlinks-ad-based-geolocation-surveillance-tech/,Infrastructure identified in Citizen Lab research as potential Cobwebs/PenLink-related server infrastructure.
potential_product_server_subdomains,s992-tg.cwtapp.com,domain,s992-tg.cwtapp.com,,,no,https://citizenlab.ca/research/analysis-of-penlinks-ad-based-geolocation-surveillance-tech/,Infrastructure identified in Citizen Lab research as potential Cobwebs/PenLink-related server infrastructure.
potential_product_server_subdomains,s1008-tg.cwtapp.com,domain,s1008-tg.cwtapp.com,,,no,https://citizenlab.ca/research/analysis-of-penlinks-ad-based-geolocation-surveillance-tech/,Infrastructure identified in Citizen Lab research as potential Cobwebs/PenLink-related server infrastructure.
potential_product_server_subdomains,s1012-tg.cwtapp.com,domain,s1012-tg.cwtapp.com,,,yes,https://citizenlab.ca/research/analysis-of-penlinks-ad-based-geolocation-surveillance-tech/,Infrastructure identified in Citizen Lab research as potential Cobwebs/PenLink-related server infrastructure.
potential_product_server_subdomains,s1019-tg.cwtapp.com,domain,s1019-tg.cwtapp.com,,,yes,https://citizenlab.ca/research/analysis-of-penlinks-ad-based-geolocation-surveillance-tech/,Infrastructure identified in Citizen Lab research as potential Cobwebs/PenLink-related server infrastructure.
potential_product_server_subdomains,s1026-tg.cwtapp.com,domain,s1026-tg.cwtapp.com,,,yes,https://citizenlab.ca/research/analysis-of-penlinks-ad-based-geolocation-surveillance-tech/,Infrastructure identified in Citizen Lab research as potential Cobwebs/PenLink-related server infrastructure.
potential_product_server_subdomains,s1038-tg.cwtapp.com,domain,s1038-tg.cwtapp.com,,,yes,https://citizenlab.ca/research/analysis-of-penlinks-ad-based-geolocation-surveillance-tech/,Infrastructure identified in Citizen Lab research as potential Cobwebs/PenLink-related server infrastructure.
potential_product_server_subdomains,s1040-tg.cwtapp.com,domain,s1040-tg.cwtapp.com,,,yes,https://citizenlab.ca/research/analysis-of-penlinks-ad-based-geolocation-surveillance-tech/,Infrastructure identified in Citizen Lab research as potential Cobwebs/PenLink-related server infrastructure.
potential_product_server_subdomains,s1042-tg.cwtapp.com,domain,s1042-tg.cwtapp.com,,,yes,https://citizenlab.ca/research/analysis-of-penlinks-ad-based-geolocation-surveillance-tech/,Infrastructure identified in Citizen Lab research as potential Cobwebs/PenLink-related server infrastructure.
potential_product_server_subdomains,s1058-tg.cwtapp.com,domain,s1058-tg.cwtapp.com,,,yes,https://citizenlab.ca/research/analysis-of-penlinks-ad-based-geolocation-surveillance-tech/,Infrastructure identified in Citizen Lab research as potential Cobwebs/PenLink-related server infrastructure.
potential_product_server_subdomains,s1060-tg.cwtapp.com,domain,s1060-tg.cwtapp.com,,,yes,https://citizenlab.ca/research/analysis-of-penlinks-ad-based-geolocation-surveillance-tech/,Infrastructure identified in Citizen Lab research as potential Cobwebs/PenLink-related server infrastructure.
potential_product_server_subdomains,s1069-tg.cwtapp.com,domain,s1069-tg.cwtapp.com,,,yes,https://citizenlab.ca/research/analysis-of-penlinks-ad-based-geolocation-surveillance-tech/,Infrastructure identified in Citizen Lab research as potential Cobwebs/PenLink-related server infrastructure.
potential_product_server_subdomains,s1084-tg.cwtapp.com,domain,s1084-tg.cwtapp.com,,,yes,https://citizenlab.ca/research/analysis-of-penlinks-ad-based-geolocation-surveillance-tech/,Infrastructure identified in Citizen Lab research as potential Cobwebs/PenLink-related server infrastructure.
potential_product_server_subdomains,s1087-tg.cwtapp.com,domain,s1087-tg.cwtapp.com,,,yes,https://citizenlab.ca/research/analysis-of-penlinks-ad-based-geolocation-surveillance-tech/,Infrastructure identified in Citizen Lab research as potential Cobwebs/PenLink-related server infrastructure.
potential_product_server_subdomains,s1093-tg.cwtapp.com,domain,s1093-tg.cwtapp.com,,,yes,https://citizenlab.ca/research/analysis-of-penlinks-ad-based-geolocation-surveillance-tech/,Infrastructure identified in Citizen Lab research as potential Cobwebs/PenLink-related server infrastructure.
potential_product_server_subdomains,s1097-tg.cwtapp.com,domain,s1097-tg.cwtapp.com,,,yes,https://citizenlab.ca/research/analysis-of-penlinks-ad-based-geolocation-surveillance-tech/,Infrastructure identified in Citizen Lab research as potential Cobwebs/PenLink-related server infrastructure.
potential_product_server_subdomains,s1111-tg.cwtapp.com,domain,s1111-tg.cwtapp.com,,,yes,https://citizenlab.ca/research/analysis-of-penlinks-ad-based-geolocation-surveillance-tech/,Infrastructure identified in Citizen Lab research as potential Cobwebs/PenLink-related server infrastructure.
potential_product_server_subdomains,s1113-tg.cwtapp.com,domain,s1113-tg.cwtapp.com,,,yes,https://citizenlab.ca/research/analysis-of-penlinks-ad-based-geolocation-surveillance-tech/,Infrastructure identified in Citizen Lab research as potential Cobwebs/PenLink-related server infrastructure.
potential_product_server_subdomains,s1121-tg.cwtapp.com,domain,s1121-tg.cwtapp.com,,,yes,https://citizenlab.ca/research/analysis-of-penlinks-ad-based-geolocation-surveillance-tech/,Infrastructure identified in Citizen Lab research as potential Cobwebs/PenLink-related server infrastructure.
potential_product_server_subdomains,s1123-tg.cwtapp.com,domain,s1123-tg.cwtapp.com,,,yes,https://citizenlab.ca/research/analysis-of-penlinks-ad-based-geolocation-surveillance-tech/,Infrastructure identified in Citizen Lab research as potential Cobwebs/PenLink-related server infrastructure.
potential_product_server_subdomains,s1129-tg.cwtapp.com,domain,s1129-tg.cwtapp.com,,,yes,https://citizenlab.ca/research/analysis-of-penlinks-ad-based-geolocation-surveillance-tech/,Infrastructure identified in Citizen Lab research as potential Cobwebs/PenLink-related server infrastructure.
potential_product_server_subdomains,s1143-tg.cwtapp.com,domain,s1143-tg.cwtapp.com,,,yes,https://citizenlab.ca/research/analysis-of-penlinks-ad-based-geolocation-surveillance-tech/,Infrastructure identified in Citizen Lab research as potential Cobwebs/PenLink-related server infrastructure.
potential_product_server_subdomains,s1146-tg.cwtapp.com,domain,s1146-tg.cwtapp.com,,,no,https://citizenlab.ca/research/analysis-of-penlinks-ad-based-geolocation-surveillance-tech/,Infrastructure identified in Citizen Lab research as potential Cobwebs/PenLink-related server infrastructure.
potential_product_server_subdomains,s1150-tg.cwtapp.com,domain,s1150-tg.cwtapp.com,,,yes,https://citizenlab.ca/research/analysis-of-penlinks-ad-based-geolocation-surveillance-tech/,Infrastructure identified in Citizen Lab research as potential Cobwebs/PenLink-related server infrastructure.
potential_product_server_subdomains,s1152-tg.cwtapp.com,domain,s1152-tg.cwtapp.com,,,yes,https://citizenlab.ca/research/analysis-of-penlinks-ad-based-geolocation-surveillance-tech/,Infrastructure identified in Citizen Lab research as potential Cobwebs/PenLink-related server infrastructure.
potential_product_server_subdomains,s1169-tg.cwtapp.com,domain,s1169-tg.cwtapp.com,,,yes,https://citizenlab.ca/research/analysis-of-penlinks-ad-based-geolocation-surveillance-tech/,Infrastructure identified in Citizen Lab research as potential Cobwebs/PenLink-related server infrastructure.
potential_product_server_subdomains,s1177-tg.cwtapp.com,domain,s1177-tg.cwtapp.com,,,yes,https://citizenlab.ca/research/analysis-of-penlinks-ad-based-geolocation-surveillance-tech/,Infrastructure identified in Citizen Lab research as potential Cobwebs/PenLink-related server infrastructure.
potential_product_server_subdomains,s1201-tg.cwtapp.com,domain,s1201-tg.cwtapp.com,,,yes,https://citizenlab.ca/research/analysis-of-penlinks-ad-based-geolocation-surveillance-tech/,Infrastructure identified in Citizen Lab research as potential Cobwebs/PenLink-related server infrastructure.
potential_product_server_subdomains,s1210-tg.cwtapp.com,domain,s1210-tg.cwtapp.com,,,yes,https://citizenlab.ca/research/analysis-of-penlinks-ad-based-geolocation-surveillance-tech/,Infrastructure identified in Citizen Lab research as potential Cobwebs/PenLink-related server infrastructure.
potential_product_server_subdomains,s1212-tg.cwtapp.com,domain,s1212-tg.cwtapp.com,,,yes,https://citizenlab.ca/research/analysis-of-penlinks-ad-based-geolocation-surveillance-tech/,Infrastructure identified in Citizen Lab research as potential Cobwebs/PenLink-related server infrastructure.
potential_product_server_subdomains,s1213-tg.cwtapp.com,domain,s1213-tg.cwtapp.com,,,yes,https://citizenlab.ca/research/analysis-of-penlinks-ad-based-geolocation-surveillance-tech/,Infrastructure identified in Citizen Lab research as potential Cobwebs/PenLink-related server infrastructure.
potential_product_server_subdomains,s1219-tg.cwtapp.com,domain,s1219-tg.cwtapp.com,,,yes,https://citizenlab.ca/research/analysis-of-penlinks-ad-based-geolocation-surveillance-tech/,Infrastructure identified in Citizen Lab research as potential Cobwebs/PenLink-related server infrastructure.
potential_product_server_subdomains,s1221-tg.cwtapp.com,domain,s1221-tg.cwtapp.com,,,yes,https://citizenlab.ca/research/analysis-of-penlinks-ad-based-geolocation-surveillance-tech/,Infrastructure identified in Citizen Lab research as potential Cobwebs/PenLink-related server infrastructure.
potential_product_server_subdomains,s1232-tg.cwtapp.com,domain,s1232-tg.cwtapp.com,,,yes,https://citizenlab.ca/research/analysis-of-penlinks-ad-based-geolocation-surveillance-tech/,Infrastructure identified in Citizen Lab research as potential Cobwebs/PenLink-related server infrastructure.
potential_product_server_subdomains,s1249-tg.cwtapp.com,domain,s1249-tg.cwtapp.com,,,yes,https://citizenlab.ca/research/analysis-of-penlinks-ad-based-geolocation-surveillance-tech/,Infrastructure identified in Citizen Lab research as potential Cobwebs/PenLink-related server infrastructure.
potential_product_server_subdomains,s1254-tg.cwtapp.com,domain,s1254-tg.cwtapp.com,,,yes,https://citizenlab.ca/research/analysis-of-penlinks-ad-based-geolocation-surveillance-tech/,Infrastructure identified in Citizen Lab research as potential Cobwebs/PenLink-related server infrastructure.
potential_product_server_subdomains,s1258-tg.cwtapp.com,domain,s1258-tg.cwtapp.com,,,yes,https://citizenlab.ca/research/analysis-of-penlinks-ad-based-geolocation-surveillance-tech/,Infrastructure identified in Citizen Lab research as potential Cobwebs/PenLink-related server infrastructure.
potential_product_server_subdomains,s1260-tg.cwtapp.com,domain,s1260-tg.cwtapp.com,,,yes,https://citizenlab.ca/research/analysis-of-penlinks-ad-based-geolocation-surveillance-tech/,Infrastructure identified in Citizen Lab research as potential Cobwebs/PenLink-related server infrastructure.
potential_product_server_subdomains,s1268-tg.cwtapp.com,domain,s1268-tg.cwtapp.com,,,no,https://citizenlab.ca/research/analysis-of-penlinks-ad-based-geolocation-surveillance-tech/,Infrastructure identified in Citizen Lab research as potential Cobwebs/PenLink-related server infrastructure.
potential_product_server_subdomains,s1275-tg.cwtapp.com,domain,s1275-tg.cwtapp.com,,,yes,https://citizenlab.ca/research/analysis-of-penlinks-ad-based-geolocation-surveillance-tech/,Infrastructure identified in Citizen Lab research as potential Cobwebs/PenLink-related server infrastructure.
potential_product_server_subdomains,s1297-tg.cwtapp.com,domain,s1297-tg.cwtapp.com,,,yes,https://citizenlab.ca/research/analysis-of-penlinks-ad-based-geolocation-surveillance-tech/,Infrastructure identified in Citizen Lab research as potential Cobwebs/PenLink-related server infrastructure.
potential_product_server_subdomains,s1300-tg.cwtapp.com,domain,s1300-tg.cwtapp.com,,,yes,https://citizenlab.ca/research/analysis-of-penlinks-ad-based-geolocation-surveillance-tech/,Infrastructure identified in Citizen Lab research as potential Cobwebs/PenLink-related server infrastructure.
potential_product_server_subdomains,s1351-tg.cwtapp.com,domain,s1351-tg.cwtapp.com,,,yes,https://citizenlab.ca/research/analysis-of-penlinks-ad-based-geolocation-surveillance-tech/,Infrastructure identified in Citizen Lab research as potential Cobwebs/PenLink-related server infrastructure.
potential_product_server_subdomains,s1355-tg.cwtapp.com,domain,s1355-tg.cwtapp.com,,,yes,https://citizenlab.ca/research/analysis-of-penlinks-ad-based-geolocation-surveillance-tech/,Infrastructure identified in Citizen Lab research as potential Cobwebs/PenLink-related server infrastructure.
potential_product_server_subdomains,s1359-tg.cwtapp.com,domain,s1359-tg.cwtapp.com,,,yes,https://citizenlab.ca/research/analysis-of-penlinks-ad-based-geolocation-surveillance-tech/,Infrastructure identified in Citizen Lab research as potential Cobwebs/PenLink-related server infrastructure.
potential_product_server_subdomains,s1360-tg.cwtapp.com,domain,s1360-tg.cwtapp.com,,,yes,https://citizenlab.ca/research/analysis-of-penlinks-ad-based-geolocation-surveillance-tech/,Infrastructure identified in Citizen Lab research as potential Cobwebs/PenLink-related server infrastructure.
potential_product_server_subdomains,s1383-tg.cwtapp.com,domain,s1383-tg.cwtapp.com,,,yes,https://citizenlab.ca/research/analysis-of-penlinks-ad-based-geolocation-surveillance-tech/,Infrastructure identified in Citizen Lab research as potential Cobwebs/PenLink-related server infrastructure.
potential_product_server_subdomains,s1386-tg.cwtapp.com,domain,s1386-tg.cwtapp.com,,,yes,https://citizenlab.ca/research/analysis-of-penlinks-ad-based-geolocation-surveillance-tech/,Infrastructure identified in Citizen Lab research as potential Cobwebs/PenLink-related server infrastructure.
potential_product_server_subdomains,s1450.cwtapp.com,domain,s1450.cwtapp.com,,,yes,https://citizenlab.ca/research/analysis-of-penlinks-ad-based-geolocation-surveillance-tech/,Infrastructure identified in Citizen Lab research as potential Cobwebs/PenLink-related server infrastructure.
potential_product_server_subdomains,s1453.cwtapp.com,domain,s1453.cwtapp.com,,,yes,https://citizenlab.ca/research/analysis-of-penlinks-ad-based-geolocation-surveillance-tech/,Infrastructure identified in Citizen Lab research as potential Cobwebs/PenLink-related server infrastructure.
potential_product_server_subdomains,s1470.cwtapp.com,domain,s1470.cwtapp.com,,,yes,https://citizenlab.ca/research/analysis-of-penlinks-ad-based-geolocation-surveillance-tech/,Infrastructure identified in Citizen Lab research as potential Cobwebs/PenLink-related server infrastructure.
potential_product_server_subdomains,s1476.cwtapp.com,domain,s1476.cwtapp.com,,,yes,https://citizenlab.ca/research/analysis-of-penlinks-ad-based-geolocation-surveillance-tech/,Infrastructure identified in Citizen Lab research as potential Cobwebs/PenLink-related server infrastructure.
potential_product_server_subdomains,s1479.cwtapp.com,domain,s1479.cwtapp.com,,,no,https://citizenlab.ca/research/analysis-of-penlinks-ad-based-geolocation-surveillance-tech/,Infrastructure identified in Citizen Lab research as potential Cobwebs/PenLink-related server infrastructure.
potential_product_server_subdomains,s1488.cwtapp.com,domain,s1488.cwtapp.com,,,yes,https://citizenlab.ca/research/analysis-of-penlinks-ad-based-geolocation-surveillance-tech/,Infrastructure identified in Citizen Lab research as potential Cobwebs/PenLink-related server infrastructure.
potential_product_server_subdomains,s1490.cwtapp.com,domain,s1490.cwtapp.com,,,yes,https://citizenlab.ca/research/analysis-of-penlinks-ad-based-geolocation-surveillance-tech/,Infrastructure identified in Citizen Lab research as potential Cobwebs/PenLink-related server infrastructure.
potential_product_server_subdomains,s1504.cwtapp.com,domain,s1504.cwtapp.com,,,yes,https://citizenlab.ca/research/analysis-of-penlinks-ad-based-geolocation-surveillance-tech/,Infrastructure identified in Citizen Lab research as potential Cobwebs/PenLink-related server infrastructure.
potential_product_server_subdomains,s1505.cwtapp.com,domain,s1505.cwtapp.com,,,yes,https://citizenlab.ca/research/analysis-of-penlinks-ad-based-geolocation-surveillance-tech/,Infrastructure identified in Citizen Lab research as potential Cobwebs/PenLink-related server infrastructure.
potential_product_server_subdomains,s1536.cwtapp.com,domain,s1536.cwtapp.com,,,yes,https://citizenlab.ca/research/analysis-of-penlinks-ad-based-geolocation-surveillance-tech/,Infrastructure identified in Citizen Lab research as potential Cobwebs/PenLink-related server infrastructure.
potential_product_server_subdomains,s1537.cwtapp.com,domain,s1537.cwtapp.com,,,no,https://citizenlab.ca/research/analysis-of-penlinks-ad-based-geolocation-surveillance-tech/,Infrastructure identified in Citizen Lab research as potential Cobwebs/PenLink-related server infrastructure.
potential_product_server_subdomains,s1558.cwtapp.com,domain,s1558.cwtapp.com,,,yes,https://citizenlab.ca/research/analysis-of-penlinks-ad-based-geolocation-surveillance-tech/,Infrastructure identified in Citizen Lab research as potential Cobwebs/PenLink-related server infrastructure.
potential_product_server_subdomains,s1582.cwtapp.com,domain,s1582.cwtapp.com,,,yes,https://citizenlab.ca/research/analysis-of-penlinks-ad-based-geolocation-surveillance-tech/,Infrastructure identified in Citizen Lab research as potential Cobwebs/PenLink-related server infrastructure.
potential_product_server_subdomains,s1592.cwtapp.com,domain,s1592.cwtapp.com,,,yes,https://citizenlab.ca/research/analysis-of-penlinks-ad-based-geolocation-surveillance-tech/,Infrastructure identified in Citizen Lab research as potential Cobwebs/PenLink-related server infrastructure.
potential_product_server_subdomains,s1606-tg.cwtapp.com,domain,s1606-tg.cwtapp.com,,,no,https://citizenlab.ca/research/analysis-of-penlinks-ad-based-geolocation-surveillance-tech/,Infrastructure identified in Citizen Lab research as potential Cobwebs/PenLink-related server infrastructure.
potential_product_server_subdomains,s1641.cwtapp.com,domain,s1641.cwtapp.com,,,yes,https://citizenlab.ca/research/analysis-of-penlinks-ad-based-geolocation-surveillance-tech/,Infrastructure identified in Citizen Lab research as potential Cobwebs/PenLink-related server infrastructure.
potential_product_server_subdomains,s1647.cwtapp.com,domain,s1647.cwtapp.com,,,no,https://citizenlab.ca/research/analysis-of-penlinks-ad-based-geolocation-surveillance-tech/,Infrastructure identified in Citizen Lab research as potential Cobwebs/PenLink-related server infrastructure.
potential_product_server_subdomains,s1688.cwtapp.com,domain,s1688.cwtapp.com,,,yes,https://citizenlab.ca/research/analysis-of-penlinks-ad-based-geolocation-surveillance-tech/,Infrastructure identified in Citizen Lab research as potential Cobwebs/PenLink-related server infrastructure.
potential_product_server_subdomains,s1690.cwtapp.com,domain,s1690.cwtapp.com,,,yes,https://citizenlab.ca/research/analysis-of-penlinks-ad-based-geolocation-surveillance-tech/,Infrastructure identified in Citizen Lab research as potential Cobwebs/PenLink-related server infrastructure.
other_potential_product_servers,62.201.208.195:1210,ip_port,62.201.208.195,1210,,no,https://citizenlab.ca/research/analysis-of-penlinks-ad-based-geolocation-surveillance-tech/,Infrastructure identified in Citizen Lab research as potential Cobwebs/PenLink-related server infrastructure.
other_potential_product_servers,41.215.20.45:3701,ip_port,41.215.20.45,3701,,no,https://citizenlab.ca/research/analysis-of-penlinks-ad-based-geolocation-surveillance-tech/,Infrastructure identified in Citizen Lab research as potential Cobwebs/PenLink-related server infrastructure.
other_potential_product_servers,139.0.5.194:1300,ip_port,139.0.5.194,1300,,no,https://citizenlab.ca/research/analysis-of-penlinks-ad-based-geolocation-surveillance-tech/,Infrastructure identified in Citizen Lab research as potential Cobwebs/PenLink-related server infrastructure.
other_potential_product_servers,4.233.111.135:443,ip_port,4.233.111.135,443,,no,https://citizenlab.ca/research/analysis-of-penlinks-ad-based-geolocation-surveillance-tech/,Infrastructure identified in Citizen Lab research as potential Cobwebs/PenLink-related server infrastructure.
wider_infrastructure_subdomains,tlg.cobwebsapp.com,domain,tlg.cobwebsapp.com,,,no,https://citizenlab.ca/research/analysis-of-penlinks-ad-based-geolocation-surveillance-tech/,Infrastructure identified in Citizen Lab research as potential Cobwebs/PenLink-related server infrastructure.
wider_infrastructure_subdomains,ig.cobwebsapp.com,domain,ig.cobwebsapp.com,,,no,https://citizenlab.ca/research/analysis-of-penlinks-ad-based-geolocation-surveillance-tech/,Infrastructure identified in Citizen Lab research as potential Cobwebs/PenLink-related server infrastructure.
wider_infrastructure_subdomains,qa-td.cobwebsapp.com,domain,qa-td.cobwebsapp.com,,,no,https://citizenlab.ca/research/analysis-of-penlinks-ad-based-geolocation-surveillance-tech/,Infrastructure identified in Citizen Lab research as potential Cobwebs/PenLink-related server infrastructure.
wider_infrastructure_subdomains,poc.cobwebsapp.com,domain,poc.cobwebsapp.com,,,no,https://citizenlab.ca/research/analysis-of-penlinks-ad-based-geolocation-surveillance-tech/,Infrastructure identified in Citizen Lab research as potential Cobwebs/PenLink-related server infrastructure.
wider_infrastructure_subdomains,rest.cobwebsapp.com,domain,rest.cobwebsapp.com,,,no,https://citizenlab.ca/research/analysis-of-penlinks-ad-based-geolocation-surveillance-tech/,Infrastructure identified in Citizen Lab research as potential Cobwebs/PenLink-related server infrastructure.
wider_infrastructure_subdomains,cw-mgmt-hyb02-vpn.cobwebsapp.com,domain,cw-mgmt-hyb02-vpn.cobwebsapp.com,,,no,https://citizenlab.ca/research/analysis-of-penlinks-ad-based-geolocation-surveillance-tech/,Infrastructure identified in Citizen Lab research as potential Cobwebs/PenLink-related server infrastructure.
wider_infrastructure_subdomains,cw-mgmt-az-vpn.cobwebsapp.com,domain,cw-mgmt-az-vpn.cobwebsapp.com,,,no,https://citizenlab.ca/research/analysis-of-penlinks-ad-based-geolocation-surveillance-tech/,Infrastructure identified in Citizen Lab research as potential Cobwebs/PenLink-related server infrastructure.
wider_infrastructure_subdomains,cobwebsapp.com,domain,cobwebsapp.com,,,no,https://citizenlab.ca/research/analysis-of-penlinks-ad-based-geolocation-surveillance-tech/,Infrastructure identified in Citizen Lab research as potential Cobwebs/PenLink-related server infrastructure.
wider_infrastructure_subdomains,1300.cwsystem.com,domain,1300.cwsystem.com,,,no,https://citizenlab.ca/research/analysis-of-penlinks-ad-based-geolocation-surveillance-tech/,Infrastructure identified in Citizen Lab research as potential Cobwebs/PenLink-related server infrastructure.
wider_infrastructure_subdomains,1600.cwsystem.com,domain,1600.cwsystem.com,,,no,https://citizenlab.ca/research/analysis-of-penlinks-ad-based-geolocation-surveillance-tech/,Infrastructure identified in Citizen Lab research as potential Cobwebs/PenLink-related server infrastructure.
wider_infrastructure_subdomains,20300.cwsystem.com,domain,20300.cwsystem.com,,,no,https://citizenlab.ca/research/analysis-of-penlinks-ad-based-geolocation-surveillance-tech/,Infrastructure identified in Citizen Lab research as potential Cobwebs/PenLink-related server infrastructure.
wider_infrastructure_subdomains,2500.cwsystem.com,domain,2500.cwsystem.com,,,no,https://citizenlab.ca/research/analysis-of-penlinks-ad-based-geolocation-surveillance-tech/,Infrastructure identified in Citizen Lab research as potential Cobwebs/PenLink-related server infrastructure.
wider_infrastructure_subdomains,2700.cwsystem.com,domain,2700.cwsystem.com,,,no,https://citizenlab.ca/research/analysis-of-penlinks-ad-based-geolocation-surveillance-tech/,Infrastructure identified in Citizen Lab research as potential Cobwebs/PenLink-related server infrastructure.
wider_infrastructure_subdomains,3300.cwsystem.com,domain,3300.cwsystem.com,,,no,https://citizenlab.ca/research/analysis-of-penlinks-ad-based-geolocation-surveillance-tech/,Infrastructure identified in Citizen Lab research as potential Cobwebs/PenLink-related server infrastructure.
wider_infrastructure_subdomains,3600.cwsystem.com,domain,3600.cwsystem.com,,,no,https://citizenlab.ca/research/analysis-of-penlinks-ad-based-geolocation-surveillance-tech/,Infrastructure identified in Citizen Lab research as potential Cobwebs/PenLink-related server infrastructure.
wider_infrastructure_subdomains,3700.cwsystem.com,domain,3700.cwsystem.com,,,no,https://citizenlab.ca/research/analysis-of-penlinks-ad-based-geolocation-surveillance-tech/,Infrastructure identified in Citizen Lab research as potential Cobwebs/PenLink-related server infrastructure.
wider_infrastructure_subdomains,3800.cwsystem.com,domain,3800.cwsystem.com,,,no,https://citizenlab.ca/research/analysis-of-penlinks-ad-based-geolocation-surveillance-tech/,Infrastructure identified in Citizen Lab research as potential Cobwebs/PenLink-related server infrastructure.
wider_infrastructure_subdomains,7800.cwsystem.com,domain,7800.cwsystem.com,,,no,https://citizenlab.ca/research/analysis-of-penlinks-ad-based-geolocation-surveillance-tech/,Infrastructure identified in Citizen Lab research as potential Cobwebs/PenLink-related server infrastructure.
wider_infrastructure_subdomains,8300.cwsystem.com,domain,8300.cwsystem.com,,,no,https://citizenlab.ca/research/analysis-of-penlinks-ad-based-geolocation-surveillance-tech/,Infrastructure identified in Citizen Lab research as potential Cobwebs/PenLink-related server infrastructure.
wider_infrastructure_subdomains,9700.cwsystem.com,domain,9700.cwsystem.com,,,no,https://citizenlab.ca/research/analysis-of-penlinks-ad-based-geolocation-surveillance-tech/,Infrastructure identified in Citizen Lab research as potential Cobwebs/PenLink-related server infrastructure.
wider_infrastructure_subdomains,10600.cwsystem.com,domain,10600.cwsystem.com,,,no,https://citizenlab.ca/research/analysis-of-penlinks-ad-based-geolocation-surveillance-tech/,Infrastructure identified in Citizen Lab research as potential Cobwebs/PenLink-related server infrastructure.
wider_infrastructure_subdomains,12200.cwsystem.com,domain,12200.cwsystem.com,,,no,https://citizenlab.ca/research/analysis-of-penlinks-ad-based-geolocation-surveillance-tech/,Infrastructure identified in Citizen Lab research as potential Cobwebs/PenLink-related server infrastructure.
wider_infrastructure_subdomains,12300.cwsystem.com,domain,12300.cwsystem.com,,,no,https://citizenlab.ca/research/analysis-of-penlinks-ad-based-geolocation-surveillance-tech/,Infrastructure identified in Citizen Lab research as potential Cobwebs/PenLink-related server infrastructure.
wider_infrastructure_subdomains,12400.cwsystem.com,domain,12400.cwsystem.com,,,no,https://citizenlab.ca/research/analysis-of-penlinks-ad-based-geolocation-surveillance-tech/,Infrastructure identified in Citizen Lab research as potential Cobwebs/PenLink-related server infrastructure.
wider_infrastructure_subdomains,12600.cwsystem.com,domain,12600.cwsystem.com,,,no,https://citizenlab.ca/research/analysis-of-penlinks-ad-based-geolocation-surveillance-tech/,Infrastructure identified in Citizen Lab research as potential Cobwebs/PenLink-related server infrastructure.
wider_infrastructure_subdomains,13100.cwsystem.com,domain,13100.cwsystem.com,,,no,https://citizenlab.ca/research/analysis-of-penlinks-ad-based-geolocation-surveillance-tech/,Infrastructure identified in Citizen Lab research as potential Cobwebs/PenLink-related server infrastructure.
wider_infrastructure_subdomains,13200.cwsystem.com,domain,13200.cwsystem.com,,,no,https://citizenlab.ca/research/analysis-of-penlinks-ad-based-geolocation-surveillance-tech/,Infrastructure identified in Citizen Lab research as potential Cobwebs/PenLink-related server infrastructure.
wider_infrastructure_subdomains,13300.cwsystem.com,domain,13300.cwsystem.com,,,no,https://citizenlab.ca/research/analysis-of-penlinks-ad-based-geolocation-surveillance-tech/,Infrastructure identified in Citizen Lab research as potential Cobwebs/PenLink-related server infrastructure.
wider_infrastructure_subdomains,13600.cwsystem.com,domain,13600.cwsystem.com,,,no,https://citizenlab.ca/research/analysis-of-penlinks-ad-based-geolocation-surveillance-tech/,Infrastructure identified in Citizen Lab research as potential Cobwebs/PenLink-related server infrastructure.
wider_infrastructure_subdomains,14200.cwsystem.com,domain,14200.cwsystem.com,,,no,https://citizenlab.ca/research/analysis-of-penlinks-ad-based-geolocation-surveillance-tech/,Infrastructure identified in Citizen Lab research as potential Cobwebs/PenLink-related server infrastructure.
wider_infrastructure_subdomains,19600.cwsystem.com,domain,19600.cwsystem.com,,,no,https://citizenlab.ca/research/analysis-of-penlinks-ad-based-geolocation-surveillance-tech/,Infrastructure identified in Citizen Lab research as potential Cobwebs/PenLink-related server infrastructure.
wider_infrastructure_subdomains,22500.cwsystem.com,domain,22500.cwsystem.com,,,no,https://citizenlab.ca/research/analysis-of-penlinks-ad-based-geolocation-surveillance-tech/,Infrastructure identified in Citizen Lab research as potential Cobwebs/PenLink-related server infrastructure.
wider_infrastructure_subdomains,22600.cwsystem.com,domain,22600.cwsystem.com,,,no,https://citizenlab.ca/research/analysis-of-penlinks-ad-based-geolocation-surveillance-tech/,Infrastructure identified in Citizen Lab research as potential Cobwebs/PenLink-related server infrastructure.
wider_infrastructure_subdomains,32000.cwsystem.com,domain,32000.cwsystem.com,,,no,https://citizenlab.ca/research/analysis-of-penlinks-ad-based-geolocation-surveillance-tech/,Infrastructure identified in Citizen Lab research as potential Cobwebs/PenLink-related server infrastructure.
wider_infrastructure_subdomains,38000.cwsystem.com,domain,38000.cwsystem.com,,,no,https://citizenlab.ca/research/analysis-of-penlinks-ad-based-geolocation-surveillance-tech/,Infrastructure identified in Citizen Lab research as potential Cobwebs/PenLink-related server infrastructure.
wider_infrastructure_subdomains,az-man-qa01.cwsystem.com,domain,az-man-qa01.cwsystem.com,,,yes,https://citizenlab.ca/research/analysis-of-penlinks-ad-based-geolocation-surveillance-tech/,Infrastructure identified in Citizen Lab research as potential Cobwebs/PenLink-related server infrastructure.
wider_infrastructure_subdomains,aws-auto-qa01.cwsystem.com,domain,aws-auto-qa01.cwsystem.com,,,no,https://citizenlab.ca/research/analysis-of-penlinks-ad-based-geolocation-surveillance-tech/,Infrastructure identified in Citizen Lab research as potential Cobwebs/PenLink-related server infrastructure.
wider_infrastructure_subdomains,az-rnd-dep01.cwsystem.com,domain,az-rnd-dep01.cwsystem.com,,,no,https://citizenlab.ca/research/analysis-of-penlinks-ad-based-geolocation-surveillance-tech/,Infrastructure identified in Citizen Lab research as potential Cobwebs/PenLink-related server infrastructure.
wider_infrastructure_subdomains,auto-qa02.cwsystem.com,domain,auto-qa02.cwsystem.com,,,no,https://citizenlab.ca/research/analysis-of-penlinks-ad-based-geolocation-surveillance-tech/,Infrastructure identified in Citizen Lab research as potential Cobwebs/PenLink-related server infrastructure.
wider_infrastructure_subdomains,az-man-qa02.cwsystem.com,domain,az-man-qa02.cwsystem.com,,,yes,https://citizenlab.ca/research/analysis-of-penlinks-ad-based-geolocation-surveillance-tech/,Infrastructure identified in Citizen Lab research as potential Cobwebs/PenLink-related server infrastructure.
wider_infrastructure_subdomains,op-man-qa2.cwsystem.com,domain,op-man-qa2.cwsystem.com,,,no,https://citizenlab.ca/research/analysis-of-penlinks-ad-based-geolocation-surveillance-tech/,Infrastructure identified in Citizen Lab research as potential Cobwebs/PenLink-related server infrastructure.
wider_infrastructure_subdomains,az-man-qa03.cwsystem.com,domain,az-man-qa03.cwsystem.com,,,yes,https://citizenlab.ca/research/analysis-of-penlinks-ad-based-geolocation-surveillance-tech/,Infrastructure identified in Citizen Lab research as potential Cobwebs/PenLink-related server infrastructure.
wider_infrastructure_subdomains,az-rnd-dep03.cwsystem.com,domain,az-rnd-dep03.cwsystem.com,,,yes,https://citizenlab.ca/research/analysis-of-penlinks-ad-based-geolocation-surveillance-tech/,Infrastructure identified in Citizen Lab research as potential Cobwebs/PenLink-related server infrastructure.
wider_infrastructure_subdomains,az-man-qa04.cwsystem.com,domain,az-man-qa04.cwsystem.com,,,yes,https://citizenlab.ca/research/analysis-of-penlinks-ad-based-geolocation-surveillance-tech/,Infrastructure identified in Citizen Lab research as potential Cobwebs/PenLink-related server infrastructure.
wider_infrastructure_subdomains,auto-qa6.cwsystem.com,domain,auto-qa6.cwsystem.com,,,no,https://citizenlab.ca/research/analysis-of-penlinks-ad-based-geolocation-surveillance-tech/,Infrastructure identified in Citizen Lab research as potential Cobwebs/PenLink-related server infrastructure.
wider_infrastructure_subdomains,auto-qa7.cwsystem.com,domain,auto-qa7.cwsystem.com,,,no,https://citizenlab.ca/research/analysis-of-penlinks-ad-based-geolocation-surveillance-tech/,Infrastructure identified in Citizen Lab research as potential Cobwebs/PenLink-related server infrastructure.
wider_infrastructure_subdomains,op-man-qa9.cwsystem.com,domain,op-man-qa9.cwsystem.com,,,no,https://citizenlab.ca/research/analysis-of-penlinks-ad-based-geolocation-surveillance-tech/,Infrastructure identified in Citizen Lab research as potential Cobwebs/PenLink-related server infrastructure.
wider_infrastructure_subdomains,az-auto-qa11.cwsystem.com,domain,az-auto-qa11.cwsystem.com,,,no,https://citizenlab.ca/research/analysis-of-penlinks-ad-based-geolocation-surveillance-tech/,Infrastructure identified in Citizen Lab research as potential Cobwebs/PenLink-related server infrastructure.
wider_infrastructure_subdomains,auto-qa11.cwsystem.com,domain,auto-qa11.cwsystem.com,,,no,https://citizenlab.ca/research/analysis-of-penlinks-ad-based-geolocation-surveillance-tech/,Infrastructure identified in Citizen Lab research as potential Cobwebs/PenLink-related server infrastructure.
wider_infrastructure_subdomains,auto-qa14.cwsystem.com,domain,auto-qa14.cwsystem.com,,,no,https://citizenlab.ca/research/analysis-of-penlinks-ad-based-geolocation-surveillance-tech/,Infrastructure identified in Citizen Lab research as potential Cobwebs/PenLink-related server infrastructure.
wider_infrastructure_subdomains,op-man-qa14.cwsystem.com,domain,op-man-qa14.cwsystem.com,,,no,https://citizenlab.ca/research/analysis-of-penlinks-ad-based-geolocation-surveillance-tech/,Infrastructure identified in Citizen Lab research as potential Cobwebs/PenLink-related server infrastructure.
wider_infrastructure_subdomains,az-qa-mma-15-um.cwsystem.com,domain,az-qa-mma-15-um.cwsystem.com,,,no,https://citizenlab.ca/research/analysis-of-penlinks-ad-based-geolocation-surveillance-tech/,Infrastructure identified in Citizen Lab research as potential Cobwebs/PenLink-related server infrastructure.
wider_infrastructure_subdomains,auto-qa21.cwsystem.com,domain,auto-qa21.cwsystem.com,,,no,https://citizenlab.ca/research/analysis-of-penlinks-ad-based-geolocation-surveillance-tech/,Infrastructure identified in Citizen Lab research as potential Cobwebs/PenLink-related server infrastructure.
wider_infrastructure_subdomains,op-man-qa31.cwsystem.com,domain,op-man-qa31.cwsystem.com,,,no,https://citizenlab.ca/research/analysis-of-penlinks-ad-based-geolocation-surveillance-tech/,Infrastructure identified in Citizen Lab research as potential Cobwebs/PenLink-related server infrastructure.
wider_infrastructure_subdomains,man-qa42.cwsystem.com,domain,man-qa42.cwsystem.com,,,no,https://citizenlab.ca/research/analysis-of-penlinks-ad-based-geolocation-surveillance-tech/,Infrastructure identified in Citizen Lab research as potential Cobwebs/PenLink-related server infrastructure.
wider_infrastructure_subdomains,man-qa100.cwsystem.com,domain,man-qa100.cwsystem.com,,,no,https://citizenlab.ca/research/analysis-of-penlinks-ad-based-geolocation-surveillance-tech/,Infrastructure identified in Citizen Lab research as potential Cobwebs/PenLink-related server infrastructure.
wider_infrastructure_subdomains,az-man-qa130.cwsystem.com,domain,az-man-qa130.cwsystem.com,,,yes,https://citizenlab.ca/research/analysis-of-penlinks-ad-based-geolocation-surveillance-tech/,Infrastructure identified in Citizen Lab research as potential Cobwebs/PenLink-related server infrastructure.
wider_infrastructure_subdomains,az-man-qa173.cwsystem.com,domain,az-man-qa173.cwsystem.com,,,no,https://citizenlab.ca/research/analysis-of-penlinks-ad-based-geolocation-surveillance-tech/,Infrastructure identified in Citizen Lab research as potential Cobwebs/PenLink-related server infrastructure.
wider_infrastructure_subdomains,man-qa234.cwsystem.com,domain,man-qa234.cwsystem.com,,,no,https://citizenlab.ca/research/analysis-of-penlinks-ad-based-geolocation-surveillance-tech/,Infrastructure identified in Citizen Lab research as potential Cobwebs/PenLink-related server infrastructure.
wider_infrastructure_subdomains,man-qa255.cwsystem.com,domain,man-qa255.cwsystem.com,,,no,https://citizenlab.ca/research/analysis-of-penlinks-ad-based-geolocation-surveillance-tech/,Infrastructure identified in Citizen Lab research as potential Cobwebs/PenLink-related server infrastructure.
wider_infrastructure_subdomains,man-qa261.cwsystem.com,domain,man-qa261.cwsystem.com,,,no,https://citizenlab.ca/research/analysis-of-penlinks-ad-based-geolocation-surveillance-tech/,Infrastructure identified in Citizen Lab research as potential Cobwebs/PenLink-related server infrastructure.
wider_infrastructure_subdomains,man-qa264.cwsystem.com,domain,man-qa264.cwsystem.com,,,no,https://citizenlab.ca/research/analysis-of-penlinks-ad-based-geolocation-surveillance-tech/,Infrastructure identified in Citizen Lab research as potential Cobwebs/PenLink-related server infrastructure.
wider_infrastructure_subdomains,man-qa277.cwsystem.com,domain,man-qa277.cwsystem.com,,,no,https://citizenlab.ca/research/analysis-of-penlinks-ad-based-geolocation-surveillance-tech/,Infrastructure identified in Citizen Lab research as potential Cobwebs/PenLink-related server infrastructure.
wider_infrastructure_subdomains,man-qa551.cwsystem.com,domain,man-qa551.cwsystem.com,,,no,https://citizenlab.ca/research/analysis-of-penlinks-ad-based-geolocation-surveillance-tech/,Infrastructure identified in Citizen Lab research as potential Cobwebs/PenLink-related server infrastructure.
wider_infrastructure_subdomains,man-qa666.cwsystem.com,domain,man-qa666.cwsystem.com,,,no,https://citizenlab.ca/research/analysis-of-penlinks-ad-based-geolocation-surveillance-tech/,Infrastructure identified in Citizen Lab research as potential Cobwebs/PenLink-related server infrastructure.
wider_infrastructure_subdomains,az-man-qa1003.cwsystem.com,domain,az-man-qa1003.cwsystem.com,,,yes,https://citizenlab.ca/research/analysis-of-penlinks-ad-based-geolocation-surveillance-tech/,Infrastructure identified in Citizen Lab research as potential Cobwebs/PenLink-related server infrastructure.
wider_infrastructure_subdomains,az-man-qa1005.cwsystem.com,domain,az-man-qa1005.cwsystem.com,,,yes,https://citizenlab.ca/research/analysis-of-penlinks-ad-based-geolocation-surveillance-tech/,Infrastructure identified in Citizen Lab research as potential Cobwebs/PenLink-related server infrastructure.
wider_infrastructure_subdomains,az-man-qa3000.cwsystem.com,domain,az-man-qa3000.cwsystem.com,,,yes,https://citizenlab.ca/research/analysis-of-penlinks-ad-based-geolocation-surveillance-tech/,Infrastructure identified in Citizen Lab research as potential Cobwebs/PenLink-related server infrastructure.
wider_infrastructure_subdomains,man-qa5007.cwsystem.com,domain,man-qa5007.cwsystem.com,,,yes,https://citizenlab.ca/research/analysis-of-penlinks-ad-based-geolocation-surveillance-tech/,Infrastructure identified in Citizen Lab research as potential Cobwebs/PenLink-related server infrastructure.
other_wider_infrastructure_hosts,182.23.55.125,ip,182.23.55.125,,,no,https://citizenlab.ca/research/analysis-of-penlinks-ad-based-geolocation-surveillance-tech/,Infrastructure identified in Citizen Lab research as potential Cobwebs/PenLink-related server infrastructure.
other_wider_infrastructure_hosts,177.107.47.51,ip,177.107.47.51,,,no,https://citizenlab.ca/research/analysis-of-penlinks-ad-based-geolocation-surveillance-tech/,Infrastructure identified in Citizen Lab research as potential Cobwebs/PenLink-related server infrastructure.
other_wider_infrastructure_hosts,20.187.80.77,ip,20.187.80.77,,,no,https://citizenlab.ca/research/analysis-of-penlinks-ad-based-geolocation-surveillance-tech/,Infrastructure identified in Citizen Lab research as potential Cobwebs/PenLink-related server infrastructure.
other_wider_infrastructure_hosts,195.228.126.190,ip,195.228.126.190,,,no,https://citizenlab.ca/research/analysis-of-penlinks-ad-based-geolocation-surveillance-tech/,Infrastructure identified in Citizen Lab research as potential Cobwebs/PenLink-related server infrastructure.
other_wider_infrastructure_hosts,78.11.103.139,ip,78.11.103.139,,,no,https://citizenlab.ca/research/analysis-of-penlinks-ad-based-geolocation-surveillance-tech/,Infrastructure identified in Citizen Lab research as potential Cobwebs/PenLink-related server infrastructure.
other_wider_infrastructure_hosts,15.161.210.71,ip,15.161.210.71,,,no,https://citizenlab.ca/research/analysis-of-penlinks-ad-based-geolocation-surveillance-tech/,Infrastructure identified in Citizen Lab research as potential Cobwebs/PenLink-related server infrastructure.
other_wider_infrastructure_hosts,15.161.209.206,ip,15.161.209.206,,,no,https://citizenlab.ca/research/analysis-of-penlinks-ad-based-geolocation-surveillance-tech/,Infrastructure identified in Citizen Lab research as potential Cobwebs/PenLink-related server infrastructure.
other_wider_infrastructure_hosts,4.185.223.22,ip,4.185.223.22,,,no,https://citizenlab.ca/research/analysis-of-penlinks-ad-based-geolocation-surveillance-tech/,Infrastructure identified in Citizen Lab research as potential Cobwebs/PenLink-related server infrastructure.
other_wider_infrastructure_hosts,13.63.16.113,ip,13.63.16.113,,,no,https://citizenlab.ca/research/analysis-of-penlinks-ad-based-geolocation-surveillance-tech/,Infrastructure identified in Citizen Lab research as potential Cobwebs/PenLink-related server infrastructure.
other_wider_infrastructure_hosts,52.253.117.211,ip,52.253.117.211,,,no,https://citizenlab.ca/research/analysis-of-penlinks-ad-based-geolocation-surveillance-tech/,Infrastructure identified in Citizen Lab research as potential Cobwebs/PenLink-related server infrastructure.
trapdoor_login_page_and_javascript,41.215.20.45:3701,ip_port,41.215.20.45,3701,,no,https://citizenlab.ca/research/analysis-of-penlinks-ad-based-geolocation-surveillance-tech/,Infrastructure identified in Citizen Lab research as potential Cobwebs/PenLink-related server infrastructure.
trapdoor_login_page_and_javascript,41.215.20.45:3701/clientapp/build/main.js,url_path_on_ip_port,41.215.20.45,3701,/clientapp/build/main.js,no,https://citizenlab.ca/research/analysis-of-penlinks-ad-based-geolocation-surveillance-tech/,Infrastructure identified in Citizen Lab research as potential Cobwebs/PenLink-related server infrastructure.
